Date,MyWay,Paper Ticket
01/07/2019,66215,4325
15/09/2023,63800,7349
28/12/2021,9994,1882
11/01/2023,43769,3991
11/09/2021,3810,685
31/01/2020,53210,5001
01/03/2023,72902,6614
17/07/2021,14629,1788
07/03/2023,73376,6872
12/11/2020,51919,2998
29/08/2023,69155,6507
30/09/2019,61419,5035
11/03/2023,24845,3047
11/06/2020,38701,1941
08/05/2022,12471,1470
22/06/2021,60283,4016
28/06/2022,49402,5104
25/10/2021,24948,2105
05/05/2021,64295,4029
11/04/2023,50246,4306
04/10/2020,11436,1205
30/12/2021,16705,2070
27/10/2019,17507,2029
28/11/2019,75559,5793
19/12/2020,17074,1616
19/11/2022,21182,3248
13/09/2021,7804,1007
17/09/2023,19207,2368
30/12/2019,21981,3275
12/10/2019,22334,3062
04/11/2021,34465,2934
18/01/2023,45348,4015
12/09/2020,14679,1400
07/10/2023,24249,3089
02/06/2020,36998,1733
02/02/2022,44692,4071
15/05/2021,17398,1857
19/03/2022,18299,3182
02/02/2023,65195,6483
08/01/2021,33699,2456
07/03/2024,77880,1132
23/10/2020,50947,2884
23/09/2020,48738,2515
10/05/2024,67172,10310
23/07/2020,44419,1989
13/01/2024,18682,2470
26/02/2023,18480,2520
12/08/2020,45444,2215
12/09/2022,53768,6482
28/02/2023,65606,5909
28/03/2020,5691,550
24/07/2019,80053,5158
26/04/2021,12578,1384
08/12/2021,43547,3922
05/11/2019,78981,5991
26/11/2020,54734,3407
16/06/2023,60801,7170
21/12/2019,17099,2603
01/01/2023,8758,1633
09/10/2022,14177,2211
07/08/2023,66273,6860
18/07/2020,13039,1015
20/07/2022,53208,5613
27/03/2024,74002,1213
04/10/2019,61157,6211
11/02/2021,64842,3803
23/07/2022,18228,2813
20/04/2020,12231,743
03/05/2020,5268,527
25/09/2021,4160,721
06/09/2019,72353,5018
24/03/2023,67457,7346
09/09/2020,46528,2244
28/07/2021,59083,3972
15/04/2024,54058,5658
26/01/2021,11722,1489
30/08/2023,68140,6732
13/05/2023,22890,2614
09/07/2020,29301,1554
26/07/2019,77006,5348
24/09/2020,49801,2616
12/07/2023,50056,4081
01/10/2019,65146,5583
03/04/2024,71763,1087
04/06/2022,15760,2163
25/12/2021,694,1172
12/03/2021,63661,4501
14/12/2021,42253,3775
23/02/2020,19915,2833
27/02/2022,12766,1825
10/06/2021,60775,4179
04/01/2023,32811,3739
10/12/2022,21708,3156
22/02/2021,62175,3949
17/09/2019,78260,5067
10/01/2021,10363,978
02/03/2020,84112,5676
01/05/2020,12775,838
12/10/2021,10192,1205
07/06/2022,51888,4879
13/10/2022,59954,7122
19/07/2023,65695,6616
06/04/2024,20140,639
06/03/2022,12473,1685
18/03/2022,54652,5465
05/10/2022,41197,4002
10/04/2020,2494,331
20/04/2024,25314,3242
24/02/2020,84239,5683
28/10/2020,52553,2873
20/10/2023,67095,7727
27/11/2022,16386,2402
24/11/2021,42520,3823
10/05/2022,55284,5113
13/02/2024,75925,9812
17/03/2024,18153,432
16/11/2019,23198,3235
10/07/2020,28746,1765
01/01/2022,6359,1221
17/06/2023,21886,2847
26/09/2022,44312,4812
01/12/2022,57337,6525
28/02/2020,86054,7004
20/11/2022,15233,2319
03/08/2020,43991,2044
30/08/2019,76735,5705
07/05/2020,15717,953
26/01/2023,15488,2506
18/08/2023,63926,6975
09/04/2024,68384,828
18/08/2021,7238,912
17/05/2020,6372,535
16/03/2023,72455,6377
04/06/2023,15192,1852
17/04/2024,58231,5812
26/04/2024,49214,5496
09/01/2023,40833,3920
19/07/2022,53289,5711
27/04/2024,24302,3118
26/08/2021,7078,803
07/02/2024,75524,9465
06/02/2022,11006,1629
01/09/2020,47022,2261
19/12/2022,41224,4353
11/02/2020,85300,5710
06/07/2022,39867,3964
19/05/2023,63487,6843
05/05/2023,63848,7091
06/04/2023,63379,6894
26/01/2022,10272,1696
22/09/2020,49403,2670
31/07/2019,80637,5167
09/11/2019,23157,2632
02/03/2023,71879,6236
19/03/2024,79279,981
13/08/2020,46506,2303
15/06/2022,53192,5450
27/02/2023,68371,6759
12/04/2021,45086,3049
31/10/2023,67883,8119
29/04/2020,11888,696
10/02/2020,74615,5192
06/08/2020,45792,2034
26/12/2023,15051,2835
12/05/2024,0,13
02/12/2020,54563,3426
16/09/2021,8688,1005
27/11/2021,15141,2120
11/05/2020,16988,1032
29/04/2022,56008,5873
04/12/2020,54058,4058
15/11/2020,12422,1184
19/11/2021,41542,4069
11/02/2023,23050,3200
24/07/2023,66729,6610
02/10/2023,17002,2449
17/10/2021,5654,868
02/01/2020,28237,4093
29/04/2021,67439,4429
09/02/2023,62015,6525
06/01/2021,31862,2156
15/11/2023,66179,2927
05/02/2021,61144,4115
28/12/2023,25771,4081
08/01/2023,14102,2468
14/03/2022,13397,2046
30/04/2024,74119,9885
17/02/2020,82521,5818
13/11/2021,12660,1751
10/04/2021,17486,2115
26/12/2021,8172,1767
13/10/2019,18049,2206
01/12/2021,45466,3884
03/01/2020,29830,4943
23/01/2023,44218,4409
09/02/2022,47337,4518
19/08/2023,23041,2719
17/07/2020,30342,1799
29/10/2023,17630,2210
15/03/2023,73066,6755
20/10/2019,17470,2099
02/01/2022,8520,1261
23/10/2023,65596,7160
06/01/2020,36258,3801
23/11/2021,44456,3982
30/03/2021,63901,4103
10/05/2020,5622,500
03/12/2021,45398,4651
28/08/2019,81093,5323
23/08/2021,6735,746
12/01/2022,22818,2544
08/04/2023,18781,2608
13/06/2022,11270,1768
21/05/2023,16140,1993
13/12/2022,52337,5883
14/01/2020,52976,4567
18/11/2023,24641,1526
15/01/2023,13907,1975
11/12/2021,16234,2239
02/09/2021,7588,949
29/10/2020,51937,2706
17/03/2020,69686,4825
28/01/2023,20177,2758
24/06/2020,40832,2029
23/02/2024,70489,9389
01/12/2020,52386,3169
25/07/2023,68760,6711
07/03/2021,13911,1849
07/08/2019,80988,5263
15/01/2020,52392,4854
27/05/2022,50692,5291
12/08/2023,23372,2794
12/02/2023,16972,2242
29/06/2023,56482,5896
08/11/2019,75356,5592
18/01/2021,37288,2354
09/11/2023,63625,7172
28/12/2019,14740,2581
13/05/2022,53255,5872
24/04/2020,13530,837
13/01/2021,36642,2273
26/04/2020,4159,416
21/03/2022,53033,4955
27/08/2020,46937,2225
05/07/2022,39975,3946
07/02/2021,13481,1449
07/08/2021,17240,1937
11/02/2022,47570,5246
15/03/2024,73742,1143
28/05/2020,31913,1560
10/10/2021,3383,575
04/09/2023,63303,6783
08/03/2022,52548,4659
08/09/2023,60205,6945
05/08/2022,47996,5442
12/03/2023,18055,2521
04/09/2022,14029,2136
27/01/2024,23677,3716
09/05/2020,6683,517
30/09/2021,8528,1023
13/03/2022,13369,2154
24/09/2019,80397,5575
13/04/2020,3798,393
03/02/2020,63608,5886
16/12/2022,49395,5892
12/01/2023,43103,4090
29/09/2023,53328,5633
18/04/2021,12591,1495
08/05/2020,16519,982
04/05/2023,67957,6912
20/11/2019,76869,5599
18/06/2022,17196,2375
23/10/2022,14283,2065
07/11/2022,53904,6532
05/10/2021,9520,1117
05/04/2022,55943,5499
05/10/2020,11394,1226
08/11/2020,11558,963
29/05/2021,17512,1994
24/12/2022,15022,2056
03/11/2020,52879,2885
17/04/2020,12609,799
13/01/2020,50249,4398
22/03/2023,70797,6666
11/04/2024,69657,6708
03/09/2021,8101,1026
07/11/2023,67855,8042
15/04/2021,48727,3491
30/11/2021,45730,4065
09/10/2020,36561,2282
12/06/2021,16865,2104
19/12/2019,58511,5453
06/06/2022,49507,5010
12/07/2021,53437,3753
12/05/2020,17656,982
20/11/2020,53560,3310
18/02/2021,64275,3772
23/07/2019,80274,5191
03/06/2021,56215,3714
19/04/2023,54319,4724
26/04/2023,70668,6902
05/01/2020,7429,1369
01/09/2023,65601,7223
07/06/2023,64497,6883
23/05/2020,8299,744
30/07/2019,81516,5217
04/06/2021,61652,4642
01/08/2019,81757,5091
28/05/2022,16402,2278
30/08/2021,7114,892
09/11/2021,40676,3547
17/06/2020,40117,1833
09/05/2022,52985,5033
05/06/2022,11046,1542
14/04/2022,39674,3856
06/10/2023,52745,4556
30/01/2024,56955,5506
08/01/2020,45544,4117
22/08/2020,11923,876
13/11/2023,24013,2137
01/06/2023,64317,6732
02/05/2020,5832,464
20/02/2023,67587,7117
11/06/2022,16041,2616
19/10/2023,69023,7181
04/08/2019,17319,1876
09/02/2020,13642,1714
25/02/2020,88251,6067
03/03/2023,67784,6671
10/08/2021,63495,4321
21/09/2019,20479,2764
23/12/2023,19765,2460
15/08/2020,12631,1027
22/11/2021,41860,3750
23/08/2022,52228,5583
10/07/2023,46337,3791
18/03/2020,66053,4227
21/07/2022,50705,5534
21/01/2022,25659,2785
04/03/2022,53923,5525
10/07/2021,16744,1942
15/02/2020,20403,2659
27/05/2023,20897,2594
10/12/2021,39702,3723
03/06/2023,20863,2693
05/09/2022,53919,6741
20/06/2023,60951,6888
04/12/2023,60908,7593
26/09/2019,79228,5630
18/01/2022,22554,2377
27/10/2021,27703,2497
07/05/2022,17083,2380
31/12/2022,15896,4577
04/04/2023,68322,6687
27/12/2020,10964,1212
04/08/2023,65967,7298
01/10/2021,9294,994
14/09/2023,66990,6720
29/09/2021,7681,875
06/06/2021,12604,1370
30/01/2023,45308,4193
24/10/2019,81188,5707
24/01/2022,25161,2566
19/09/2021,3021,564
05/06/2020,38650,2075
18/04/2024,58052,5636
30/04/2020,12328,756
01/11/2020,11413,907
16/03/2022,56164,4887
29/11/2022,58014,7006
11/10/2023,71441,7105
03/02/2024,22962,2954
23/11/2019,22078,6273
07/12/2020,50843,3152
05/03/2022,16228,2321
14/08/2019,79876,5360
13/08/2021,8831,889
13/04/2022,40896,3861
10/03/2021,65361,3988
15/01/2024,45578,4622
29/09/2022,46933,5039
29/03/2022,54857,5219
22/06/2022,51700,5410
16/10/2020,50552,3084
03/09/2022,19849,2906
23/06/2020,39691,1980
06/09/2020,10661,885
03/01/2021,9133,1126
08/02/2021,61528,3471
11/02/2024,18528,2562
29/07/2019,77207,4850
25/05/2022,55253,5230
02/08/2020,10100,753
01/07/2021,40516,2662
12/08/2022,51651,6048
22/01/2023,13974,2059
28/08/2020,47057,2529
19/05/2022,55564,5442
10/02/2022,47546,4529
19/11/2019,77963,5828
16/12/2021,42805,3709
07/11/2021,9082,1247
19/05/2021,64048,4175
18/07/2022,47647,5495
11/06/2023,16340,2236
25/01/2021,32073,2323
26/08/2019,76993,5014
31/03/2021,65735,4301
29/02/2020,26440,3795
27/07/2022,53485,5682
18/03/2023,24585,3068
24/08/2023,68482,6478
21/04/2023,50783,4670
03/10/2020,14640,1456
01/02/2020,16237,2183
05/01/2022,21236,2319
19/11/2020,55167,3265
15/08/2023,69969,6511
14/10/2019,76965,5471
05/08/2023,24724,2972
05/04/2024,62598,1000
21/07/2019,17630,2138
12/09/2019,76802,5138
01/06/2021,63466,4125
27/10/2023,65159,7641
14/06/2020,8557,641
25/11/2020,54929,3148
25/08/2021,6773,825
16/01/2024,48971,4932
28/04/2023,66299,6874
02/07/2023,16527,1929
03/12/2023,17636,2531
13/02/2022,11621,1787
06/11/2021,12680,1749
10/09/2023,17475,2285
14/05/2021,63169,4716
11/05/2023,66737,6765
02/12/2023,23530,3367
06/09/2021,7676,1021
24/12/2020,25513,1920
09/07/2023,15432,1761
12/12/2021,12197,1605
01/02/2023,66241,6652
27/11/2023,62702,8937
31/08/2022,56483,6276
28/06/2020,10345,780
05/05/2022,56679,5543
01/07/2020,39269,1880
04/04/2022,53042,5557
08/09/2019,17276,2045
11/03/2020,84356,5881
10/10/2022,56818,7248
04/01/2020,11800,3201
10/08/2020,44765,2246
03/11/2019,14430,1692
23/03/2022,56063,4922
06/08/2021,60807,4813
05/04/2021,12157,1608
24/04/2021,17103,2045
29/11/2019,74382,6232
14/03/2021,9615,1006
31/01/2024,63321,6984
13/06/2023,61291,6645
22/03/2020,10168,1202
02/09/2020,46915,2392
21/03/2020,14136,1728
17/11/2019,16752,2102
12/11/2023,17328,1937
13/05/2021,64902,4349
06/10/2019,18013,2988
21/11/2023,66278,2894
10/04/2024,70348,1326
11/04/2022,38702,3721
14/10/2022,56365,7429
04/03/2024,73822,1104
07/01/2022,20341,2707
21/01/2021,39028,2510
07/03/2022,51683,4731
03/12/2019,74162,5575
06/12/2023,61186,8231
27/02/2024,78278,9704
18/12/2021,15554,2016
09/02/2024,70571,9444
07/04/2020,11673,796
26/10/2021,26986,2363
18/07/2023,64899,6940
26/08/2022,54369,7167
30/06/2020,39181,1758
19/01/2022,24875,2642
20/11/2021,13787,2075
14/12/2022,51486,5223
23/08/2019,77841,5656
11/07/2023,49793,4207
30/12/2023,18428,2671
27/08/2022,19545,3103
06/12/2022,57537,6326
29/12/2021,16272,2166
27/04/2020,4750,441
25/11/2021,41420,3921
03/11/2021,39319,3221
03/08/2019,24147,2826
26/03/2020,17680,1185
11/03/2021,64699,4188
21/09/2022,56867,7103
26/05/2021,64378,4139
28/10/2019,76028,5425
23/09/2021,8629,1055
10/03/2023,67372,7384
24/06/2022,47583,5198
14/02/2022,47074,4714
12/05/2023,65082,7160
28/10/2021,27981,2483
27/08/2023,17096,1885
26/12/2020,12843,1588
18/09/2020,48678,2788
02/10/2022,16358,2867
19/02/2021,61752,4111
29/03/2020,4211,465
20/12/2023,44232,4608
04/08/2020,45670,2035
27/09/2020,10921,1062
20/07/2020,42302,2022
17/12/2022,20766,2811
03/10/2019,64860,6443
18/04/2023,54100,4399
11/07/2021,12188,1381
15/07/2019,53795,4529
10/03/2020,84558,6008
27/09/2021,8771,1067
20/09/2019,84059,7104
26/10/2020,44388,2443
06/12/2020,12798,1228
14/08/2020,46188,2434
23/11/2022,58776,6618
13/08/2023,15950,1815
29/10/2021,29897,2899
03/03/2021,66037,3790
21/01/2024,16274,1991
18/01/2020,17759,2580
20/10/2020,52193,2884
04/03/2023,24208,3226
18/03/2024,73116,1075
05/03/2020,78089,5628
10/09/2019,77626,4962
28/08/2023,64168,7037
06/02/2024,73680,9372
02/11/2019,23090,2732
19/10/2019,21797,2622
30/09/2020,34295,1770
11/04/2021,12764,1501
07/12/2021,45084,4018
22/09/2019,19368,2482
31/10/2020,12032,1238
09/03/2022,54726,5106
27/06/2023,57005,6059
03/01/2022,8857,1590
30/04/2022,17358,2365
24/09/2023,18837,2385
16/12/2023,23529,2912
31/10/2022,48212,5915
17/12/2019,63080,5479
30/01/2020,58310,5470
11/08/2022,54098,5771
19/09/2020,15250,1350
12/11/2022,20715,3163
30/10/2023,63735,7336
16/10/2021,7341,1110
27/03/2020,17056,1024
02/07/2020,37601,1893
23/05/2022,52130,5290
09/04/2022,17433,2408
02/09/2019,75217,5095
14/07/2023,48475,4503
21/08/2019,80813,5443
19/01/2024,48405,4998
09/03/2021,64987,4040
01/11/2022,54441,6376
08/10/2019,59001,4842
09/07/2019,56774,4839
21/03/2023,71103,6646
07/10/2022,38910,4136
13/02/2020,83313,5958
04/07/2021,11334,1245
23/09/2019,76861,5331
21/02/2022,48502,4375
28/12/2020,12342,1449
07/10/2021,10237,1137
02/05/2022,54111,5084
08/11/2023,67963,7755
11/10/2022,60155,7253
06/05/2023,22378,3038
15/10/2022,21003,3642
19/06/2023,56693,6219
28/03/2023,68194,6297
10/02/2021,64690,3690
01/12/2019,16176,2043
16/07/2019,57482,5193
04/10/2021,3922,710
06/05/2021,65062,4397
20/03/2022,12605,1847
24/11/2019,16494,2227
19/04/2021,59580,3838
25/10/2020,10218,953
19/12/2023,45484,4542
25/02/2024,19957,2774
06/07/2020,28781,1589
25/02/2022,48380,5106
26/04/2022,54098,5341
14/10/2021,9569,1154
30/05/2023,64807,6850
06/09/2023,67934,7041
14/11/2020,17149,1698
10/02/2023,66927,7100
22/07/2022,51312,6034
23/11/2023,65712,3039
18/11/2020,54677,3280
02/01/2023,12098,2231
15/10/2019,81569,5456
10/09/2022,19975,3319
14/09/2019,24999,3261
29/05/2020,32507,1625
17/11/2021,43225,3835
05/12/2023,62426,8152
10/11/2020,53518,3124
22/05/2023,63532,7140
30/04/2021,64911,4593
15/09/2021,8217,1069
10/03/2024,20627,558
23/06/2021,59300,4079
30/10/2020,50781,3019
16/01/2021,13849,1462
25/06/2020,40922,2250
06/03/2023,67787,6490
10/11/2022,59766,6971
27/01/2023,41861,4378
28/11/2023,60432,8535
26/03/2024,75126,1094
26/02/2022,16867,2646
27/07/2019,23926,2999
23/04/2021,63580,4648
13/07/2022,39879,3973
08/01/2024,39943,4062
01/01/2024,9565,2012
27/04/2022,56823,5371
26/10/2019,22293,2767
17/05/2022,56474,5253
16/06/2022,51092,5297
29/05/2022,13201,1947
21/06/2021,57975,4311
06/11/2023,65102,7642
23/03/2023,66191,6237
15/09/2022,53642,6734
27/10/2020,51184,2605
17/03/2023,69171,7122
11/01/2022,22110,2409
24/02/2022,51085,4803
02/08/2022,56015,5948
04/02/2024,16854,2258
17/08/2020,44796,2164
19/06/2022,12910,1823
09/09/2019,73877,4841
07/03/2020,23002,3348
03/01/2023,32381,3717
23/04/2023,17791,3367
27/02/2021,18613,2189
28/02/2021,13287,1309
20/10/2021,17829,1544
20/12/2019,52116,5068
16/09/2020,49380,2628
20/09/2023,69361,7735
17/10/2023,70744,7601
06/12/2021,42984,3859
04/01/2024,35736,5286
21/02/2021,12308,1374
03/05/2022,57393,5502
15/10/2020,52569,2736
01/08/2021,11156,1252
05/02/2022,14714,2078
22/08/2021,2475,518
19/07/2020,9795,713
01/10/2020,37531,2139
25/03/2023,21167,2840
26/06/2021,17559,2059
29/01/2023,13845,1984
29/07/2021,62477,4165
21/08/2021,3266,595
11/09/2023,64319,6828
18/04/2022,11641,1994
28/11/2022,52002,5912
05/09/2021,2616,496
30/06/2023,53146,5794
25/05/2020,29247,1462
16/04/2023,14267,1900
22/03/2022,56206,4865
07/01/2023,19239,4751
06/10/2020,32470,1837
25/04/2021,11897,1529
08/02/2024,74717,9242
25/03/2020,19433,1112
15/02/2022,48821,4777
20/05/2020,24294,1258
20/04/2021,66484,4236
23/01/2024,50555,4960
19/08/2021,7042,881
26/12/2022,13153,2254
17/08/2021,7691,835
27/11/2020,55400,3716
20/08/2023,17557,1926
20/08/2021,6989,947
07/08/2022,13874,2031
14/04/2021,47530,3404
21/03/2024,76169,1001
02/05/2021,12950,1516
25/08/2019,17281,2030
02/02/2024,63786,8179
27/09/2022,43728,4602
08/06/2022,52919,5208
24/01/2020,54793,5291
31/05/2023,63794,6130
12/12/2019,69194,6024
08/06/2023,58620,6420
25/04/2023,15508,2309
05/11/2023,16360,2076
04/01/2021,29248,1942
12/02/2022,16312,3340
25/09/2019,80287,5444
04/01/2022,21951,2409
03/08/2022,53317,5905
17/01/2022,23311,2375
07/10/2019,17138,2447
08/10/2020,33975,2073
19/10/2020,50046,2707
31/08/2020,45503,2275
24/08/2019,23857,2927
26/03/2023,16671,1904
27/03/2023,65304,6775
14/05/2023,15975,1894
28/05/2023,16143,2008
09/06/2022,53034,5117
23/05/2023,65112,7122
10/11/2023,66353,8610
08/04/2024,68887,1156
24/04/2022,14306,2966
16/04/2020,12097,761
23/04/2022,16632,2566
11/11/2019,76267,5309
06/10/2021,10246,1142
18/12/2023,47120,4930
01/03/2024,74194,9852
20/05/2021,63013,4072
20/12/2020,12742,1302
14/06/2022,50011,5157
01/03/2022,47195,4379
26/11/2023,18817,3082
09/12/2022,52913,6402
19/04/2020,4075,365
27/04/2021,66228,4411
20/11/2023,60139,2778
21/09/2021,8217,1033
13/07/2019,19141,2542
08/07/2021,43751,3031
09/09/2023,23152,3008
15/11/2019,77567,5834
01/08/2023,70171,6930
25/03/2024,71853,1013
14/02/2023,71364,7506
04/10/2023,48057,3958
30/12/2020,20891,2007
22/04/2022,38636,3976
25/07/2019,80297,5407
11/10/2021,10099,1072
18/02/2020,86562,6161
04/11/2020,52250,2870
23/04/2020,12854,764
24/10/2020,12923,1246
01/11/2021,36034,3122
28/04/2024,18294,2521
22/02/2024,76167,9762
17/02/2024,32798,4985
19/06/2021,17753,1984
17/10/2019,79815,5528
14/01/2023,19215,2995
15/07/2023,22139,2891
03/05/2024,70261,9831
01/07/2022,40761,4553
22/12/2023,41326,4565
06/12/2019,72157,6522
01/12/2023,60860,8721
14/06/2023,64288,6811
03/06/2020,37295,1845
24/07/2022,13995,2162
10/05/2023,67529,6900
23/08/2023,69162,7314
17/08/2019,23327,3067
31/07/2021,16784,2097
21/11/2022,53641,6595
11/07/2022,37580,3724
25/01/2020,18309,2920
21/12/2022,42112,4280
06/02/2021,15651,1700
09/08/2022,57593,6265
08/05/2023,63880,6607
15/12/2022,51819,5253
14/09/2022,57306,6813
04/12/2021,15972,2031
21/06/2023,60489,6545
09/10/2019,63716,5717
31/03/2020,12731,861
19/10/2021,16688,1449
07/05/2021,64011,4501
02/08/2019,78958,5352
01/08/2022,51738,5731
01/01/2020,7088,1489
24/05/2022,55621,5409
19/07/2019,56855,5179
25/01/2022,26314,2861
20/08/2020,40730,2019
24/03/2021,65995,4104
01/09/2019,17167,1944
08/07/2020,29897,1488
31/05/2022,51240,4770
20/03/2020,59210,4355
24/09/2022,18943,3515
31/08/2023,68617,7142
02/10/2020,35869,2296
04/03/2021,65058,4038
30/03/2024,23022,926
13/09/2020,10565,960
05/12/2019,72910,5973
01/06/2022,53540,5199
12/06/2020,39675,1913
17/01/2021,10372,1139
08/04/2020,11737,875
03/05/2023,67260,6522
03/07/2023,46679,4571
05/08/2019,78259,4840
17/02/2022,49528,4769
11/12/2023,55227,6740
22/11/2020,11833,1089
31/12/2021,17094,3125
23/12/2020,33645,2431
21/02/2023,66689,6749
20/04/2023,53385,4473
13/01/2022,23065,2511
22/02/2022,51054,4934
15/09/2020,49053,2604
21/04/2022,39964,3919
30/03/2022,55419,5096
07/07/2021,43295,2937
29/08/2021,2360,466
05/07/2023,48892,3988
13/03/2024,77935,1081
23/07/2021,55542,4221
08/01/2022,12129,2458
08/10/2021,10509,1123
04/07/2020,13316,1061
15/06/2020,38411,1881
28/04/2020,14221,896
03/07/2022,12253,1874
07/12/2019,22280,3169
16/12/2019,62208,5012
21/06/2022,50727,5294
14/02/2020,81553,6989
20/02/2020,85062,6321
21/05/2021,64266,4697
30/07/2022,18639,2556
12/05/2021,65354,4438
16/05/2021,12856,1476
09/10/2023,66097,7008
28/04/2022,57067,5459
07/01/2021,33393,2199
23/11/2020,48793,2858
20/01/2021,39966,2388
30/11/2020,51761,3174
23/06/2023,55771,6625
05/05/2024,16352,2099
22/02/2023,72267,7145
14/07/2021,57967,4148
08/12/2019,16427,2139
25/12/2022,2013,1091
30/01/2022,10962,1508
08/03/2023,71800,6350
04/09/2020,48185,2471
14/08/2021,3734,593
29/05/2023,14652,2083
03/04/2023,63842,6507
10/10/2020,15555,1432
29/04/2023,20953,2475
24/10/2021,7577,960
07/04/2021,47168,3487
21/03/2021,11177,1237
15/03/2022,56056,4982
20/07/2023,65414,6875
15/08/2019,80636,5064
27/10/2022,59143,7038
19/08/2019,76473,4964
18/02/2023,32357,5017
27/07/2021,62126,4270
15/10/2021,12915,1605
13/02/2023,66813,7088
06/03/2024,78871,1021
21/11/2020,17699,1730
16/11/2020,49567,3148
23/03/2020,41314,3034
09/01/2020,46096,4363
25/04/2022,10925,2001
15/05/2022,11757,1592
30/07/2023,18239,2098
20/05/2022,52567,5514
14/04/2020,12045,799
14/11/2021,8700,1129
22/12/2019,14273,2132
12/10/2023,68480,7312
09/09/2021,7906,1039
13/12/2023,57711,6694
09/03/2023,71695,6808
27/12/2022,13283,2120
25/08/2020,46614,2275
17/05/2023,67084,6568
22/01/2022,13466,1855
16/09/2023,25098,3492
05/09/2019,77554,5316
18/11/2022,56854,7248
20/08/2022,19134,2921
05/08/2020,44922,1973
28/08/2021,3366,515
29/11/2021,43019,4120
29/03/2021,60808,4036
23/05/2021,12786,1445
27/03/2021,18793,2397
02/10/2019,65020,5547
09/12/2019,67876,5521
19/02/2023,21673,2901
05/09/2023,67295,6824
23/01/2020,54580,4776
23/12/2021,26657,2780
03/08/2021,61280,4343
25/05/2021,63931,4310
07/02/2023,70186,6761
12/08/2019,77340,4786
14/09/2021,8283,918
30/05/2021,13145,1579
29/12/2020,19834,1849
08/10/2022,18646,3366
24/10/2023,68214,7240
07/01/2024,15544,2586
13/01/2023,42486,4295
30/03/2020,13534,798
12/01/2020,12443,1720
09/03/2024,26489,802
22/10/2022,16510,2707
20/01/2022,24943,2517
08/11/2022,59875,6847
21/11/2019,73797,5514
08/08/2021,11886,1307
04/07/2022,37623,3732
10/07/2022,12507,1838
13/09/2019,76044,5803
03/06/2022,51337,5563
27/12/2021,8869,1568
27/02/2020,88313,6295
08/02/2022,47436,4644
10/08/2019,20659,2562
24/05/2020,7231,626
04/12/2022,15346,2491
22/12/2022,36416,3639
01/07/2023,21968,2807
22/12/2021,30818,2967
22/01/2020,57432,5240
17/10/2022,57320,6883
01/06/2020,7700,633
14/11/2023,66391,3482
22/01/2024,48750,4635
23/10/2021,10117,1403
05/03/2023,16763,2126
06/07/2023,48038,3990
16/03/2024,28391,532
19/04/2024,54439,5854
25/12/2023,2345,1025
02/04/2023,17043,2187
23/09/2023,25581,3388
04/04/2020,4745,389
02/02/2020,14289,1933
07/04/2024,18484,563
09/06/2023,60710,7198
25/04/2020,4653,465
08/04/2022,49909,5397
18/06/2020,40853,1858
11/06/2021,58676,4628
20/05/2023,21918,2734
16/11/2022,57973,6743
12/11/2021,35509,3408
04/11/2023,23247,3333
15/04/2023,21816,2853
26/11/2021,41358,4282
01/05/2023,65090,6621
28/07/2019,17316,2040
23/08/2020,9957,764
13/04/2021,48173,3355
29/03/2024,12489,532
08/05/2021,18561,1960
10/06/2023,21429,2852
29/10/2019,78749,5453
31/12/2020,21002,2366
07/09/2019,22533,2755
30/09/2022,44275,5042
26/09/2023,56091,4727
17/02/2023,70567,8273
26/03/2022,17659,2616
03/02/2022,45498,4275
20/01/2020,50857,4171
15/02/2024,75172,9166
16/12/2020,47218,3055
05/02/2024,64613,8008
05/01/2024,39305,6250
21/08/2023,65469,6596
20/06/2020,11900,1043
18/08/2020,46064,2064
21/10/2020,52557,2866
11/12/2019,69042,6023
21/01/2023,22142,2922
16/01/2022,9283,1263
13/09/2023,67944,7044
05/10/2023,53855,4308
26/01/2020,14649,2334
31/07/2023,66474,7092
07/07/2019,16414,2026
30/10/2021,12616,1650
22/10/2023,17507,2015
29/08/2019,79883,5433
22/04/2023,23167,2920
18/03/2021,65760,4113
21/12/2023,45741,5129
22/03/2021,57496,3496
30/12/2022,23321,3136
03/09/2023,17197,1860
11/09/2019,78199,5218
02/07/2019,69181,4764
24/03/2024,18997,378
30/05/2020,10250,841
20/01/2024,21864,2891
27/12/2019,21922,3633
14/12/2023,56468,6688
30/10/2019,78374,5485
09/07/2022,16810,2561
11/11/2022,57297,7364
29/11/2020,13077,1198
08/09/2021,7832,1078
28/02/2024,78537,9756
10/06/2020,38416,1799
03/10/2023,53439,4860
14/03/2020,18268,2685
09/04/2023,13735,1752
22/05/2020,25745,1315
10/05/2021,62080,4077
30/11/2019,21141,2794
22/02/2020,35296,6032
23/03/2024,25613,758
20/09/2020,9599,870
16/08/2020,10143,820
12/05/2022,49575,4796
24/05/2023,66003,7459
24/02/2021,65508,3587
18/08/2022,51186,5601
04/07/2023,46741,3898
03/04/2022,13282,1937
24/11/2023,62346,3065
29/03/2023,64281,6218
24/08/2022,57100,6401
16/03/2021,66374,3951
14/07/2020,29195,1542
18/10/2023,70099,7310
15/09/2019,18293,2551
15/02/2023,71296,7550
18/02/2024,21706,3149
27/07/2023,68395,6410
03/12/2022,22369,3076
15/01/2022,11444,1578
31/12/2023,15384,4840
21/04/2024,17668,2404
29/07/2020,46761,1926
04/09/2019,77062,5219
25/10/2019,76623,5516
02/06/2023,62459,6863
09/02/2021,64932,3645
17/04/2023,49376,4478
25/10/2022,60354,6809
04/07/2019,68258,4750
25/07/2021,11060,1367
21/10/2023,24487,3036
30/07/2020,45982,1924
19/01/2021,39664,2576
07/06/2020,8132,694
31/03/2022,54208,4995
12/12/2022,42400,4920
14/08/2023,63952,6253
08/03/2021,12698,1493
29/09/2019,18283,2444
12/02/2020,85152,5842
08/07/2019,53424,4238
06/06/2020,10948,954
21/05/2020,25643,1239
10/08/2022,57234,6325
19/09/2022,55288,7113
28/11/2021,11300,1495
16/01/2023,43777,4270
03/02/2023,64355,6505
17/07/2019,57206,5046
20/02/2022,11849,1762
17/10/2020,15158,1394
10/07/2019,55785,4979
02/03/2024,27381,828
31/12/2019,21617,3592
11/12/2020,51237,3597
22/04/2020,12484,754
26/06/2020,40773,2257
12/01/2021,23286,1719
13/06/2020,11702,856
04/04/2021,10652,1286
12/03/2022,18286,2964
20/06/2022,49374,5148
15/07/2021,57727,4484
21/10/2022,54872,6818
06/05/2024,68768,9820
18/01/2024,49645,4813
24/06/2021,48922,3339
03/05/2021,62053,4021
30/05/2022,9753,1392
03/03/2020,81292,5688
26/05/2023,61511,6768
18/12/2020,46616,3404
30/11/2023,62862,8650
01/01/2021,8077,1117
07/09/2022,57121,7062
20/04/2022,40021,3975
08/08/2020,10898,829
28/11/2020,17078,1741
03/08/2023,69384,7105
25/07/2022,52502,5735
22/09/2023,64815,7815
09/11/2020,50948,3164
28/01/2024,16573,2055
12/09/2021,2929,587
16/06/2021,58535,4152
16/07/2022,16882,2536
16/11/2023,66043,2875
17/01/2023,46759,4227
23/10/2019,80679,5455
07/02/2020,79509,6059
30/07/2021,60350,4601
31/10/2019,78300,5609
13/03/2023,16886,2489
29/07/2022,52857,6153
22/07/2021,60939,4193
29/06/2021,41042,2758
21/05/2022,17887,2409
06/10/2022,41506,4339
18/05/2021,64218,4150
02/11/2023,64093,7171
02/07/2022,15595,2442
18/04/2020,5216,473
24/07/2021,15690,1737
22/09/2022,15128,2808
02/05/2023,69130,7266
26/02/2024,72953,9030
31/07/2020,45635,2363
02/12/2019,69226,5040
26/02/2020,88026,6145
01/09/2022,57073,6663
02/08/2023,69775,6946
31/05/2021,12875,1507
25/09/2022,15645,2672
09/09/2022,41302,5345
16/02/2024,72632,10154
29/06/2020,37151,1794
31/03/2023,64667,6954
28/09/2019,23642,3218
28/03/2021,13661,1439
02/04/2024,68960,901
28/06/2023,52495,5450
12/11/2019,78610,5613
01/04/2023,23147,3027
08/03/2024,73919,1280
15/08/2021,2754,485
13/04/2023,49866,4665
24/12/2021,19404,2107
23/02/2022,50730,4604
10/10/2019,63358,5852
02/09/2023,24337,2703
03/10/2022,14489,2538
15/03/2021,64459,4072
08/04/2021,47374,3424
09/11/2022,59979,7060
25/04/2024,16505,533
26/07/2021,58288,4207
26/11/2022,23807,6643
15/11/2022,59462,6935
27/07/2020,39577,1736
25/08/2023,65142,7234
16/10/2019,80608,5269
21/07/2020,44631,2050
03/10/2021,3482,674
22/05/2021,18253,2058
31/01/2023,61335,6053
02/09/2022,55042,6652
19/09/2023,69196,7608
03/03/2024,19539,590
31/10/2021,8990,1285
15/12/2020,48396,2877
19/11/2023,18013,1205
05/02/2020,81174,6159
15/01/2021,37060,2484
05/07/2021,41095,2772
13/08/2019,81615,5244
31/03/2024,15931,522
11/01/2021,15538,1158
02/06/2021,64750,4440
27/01/2021,42079,2485
19/12/2021,9546,1211
07/11/2019,78813,5576
12/07/2020,8913,725
05/06/2021,17693,2131
05/11/2020,47043,2568
10/06/2022,50273,5651
03/11/2023,64666,7910
03/11/2022,58055,6872
05/04/2020,3817,376
11/05/2024,54,2766
06/01/2022,21002,2557
27/05/2020,31583,1440
28/12/2022,21223,3301
14/02/2024,77058,9940
25/06/2023,15816,1962
09/05/2021,12703,1317
25/02/2021,64136,3850
29/08/2020,14055,1112
11/10/2019,60914,5705
06/04/2021,45075,3375
26/09/2020,14311,1229
26/12/2019,16120,2817
09/07/2021,42263,3036
11/10/2020,11212,937
04/02/2020,79023,6567
24/10/2022,55364,6613
16/09/2022,54146,6818
11/01/2024,46977,4711
07/10/2020,34183,2036
25/01/2024,50219,5404
28/02/2022,50665,5011
05/12/2020,17001,1649
13/10/2021,10004,1185
05/07/2020,10048,796
21/09/2020,46703,2423
18/09/2022,14117,2421
20/02/2024,77776,10025
24/04/2024,57257,5605
14/12/2019,21315,2926
27/11/2019,75366,5645
18/10/2019,78223,5719
29/01/2021,37940,2431
16/06/2020,39761,1852
26/05/2022,55921,5146
21/08/2020,42324,2205
06/07/2021,41310,2724
09/05/2023,67583,6565
11/01/2020,16571,2569
29/02/2024,77288,9967
16/07/2021,53724,4191
28/06/2021,38250,2830
16/08/2022,56568,6219
16/05/2022,52979,5325
14/05/2020,18366,1050
24/06/2023,20605,2843
12/07/2019,50819,4395
11/05/2021,64540,4300
20/06/2021,12600,1427
26/09/2021,3285,636
12/10/2020,49621,2657
05/12/2022,53078,6300
08/08/2023,69955,6944
24/07/2020,45207,2297
03/01/2024,35906,4198
28/09/2023,57074,5205
21/08/2022,13863,1911
11/08/2019,15936,1872
23/02/2023,70757,7190
18/12/2022,15155,2165
19/02/2022,16715,2464
12/12/2020,18093,1794
14/07/2022,39827,4037
07/11/2020,15887,1474
25/10/2023,68173,7161
02/04/2022,16420,2130
07/05/2024,72711,9721
08/03/2020,17561,2513
25/12/2020,1059,996
01/11/2023,65782,7027
12/03/2024,77972,1324
21/10/2021,18063,1633
10/12/2020,51847,3099
30/08/2020,10663,888
29/12/2023,26529,4157
04/05/2024,24412,3201
21/06/2020,8766,781
08/06/2021,63759,4180
12/03/2020,83853,5907
25/03/2022,54297,5421
22/07/2019,75962,5342
25/03/2021,66155,4069
12/12/2023,58925,6868
22/08/2023,68015,6430
13/08/2022,18330,2651
26/10/2023,68514,7173
16/07/2023,16931,2018
17/06/2022,51499,5789
08/02/2020,20309,2765
09/08/2023,70318,6818
09/10/2021,5002,835
14/02/2021,14321,1635
18/05/2020,23244,1142
07/04/2023,8263,1215
26/05/2020,31115,1445
26/08/2020,46484,2168
24/01/2023,47674,4311
01/02/2024,67180,7971
26/08/2023,24361,3462
15/06/2021,61401,4207
18/09/2019,81675,5698
10/11/2019,16616,2078
20/10/2022,60358,6653
06/08/2019,82469,5045
05/04/2023,67852,6742
13/03/2021,16898,1930
23/06/2022,51980,5259
18/05/2023,66832,6753
18/02/2022,49202,5186
30/01/2021,16494,1792
10/03/2022,54549,4957
28/07/2023,62987,6832
12/07/2022,40068,3830
06/04/2022,55031,5384
11/07/2020,11405,1033
30/06/2022,46574,4796
04/11/2019,76507,5519
03/07/2019,68410,5086
09/12/2021,42532,3710
18/09/2023,64845,7204
27/12/2023,23244,3711
14/06/2021,12138,1427
31/08/2019,25697,2887
07/05/2023,12651,1500
02/10/2021,4237,721
10/02/2024,27045,3576
05/01/2023,35171,4410
20/07/2021,58000,4071
21/07/2023,63908,6741
06/02/2020,82029,6127
05/01/2021,32114,2254
01/04/2024,16517,373
19/08/2022,54101,6318
24/01/2021,10867,1296
02/12/2021,45209,3899
07/02/2022,45047,4543
08/08/2022,53457,6224
27/06/2022,47246,4921
17/07/2023,58698,5835
18/07/2019,58162,5497
03/04/2021,14931,1940
02/07/2021,40865,2888
18/06/2023,15207,2152
02/04/2020,10664,712
11/12/2022,16166,2356
17/06/2021,61419,4202
27/04/2023,70160,6939
25/11/2019,73279,5492
18/10/2020,11382,1088
16/11/2021,42728,3960
15/11/2021,39135,3592
09/12/2023,22775,2892
10/12/2019,69403,5584
08/05/2024,72435,9850
15/12/2023,55516,7177
04/03/2020,78153,5134
17/11/2023,64146,2702
13/10/2023,67393,7820
14/03/2024,77034,920
16/10/2023,63333,6731
22/10/2019,80224,5669
07/08/2020,39488,1922
24/12/2023,13572,1911
04/08/2022,40423,4603
25/07/2020,13308,1097
31/05/2020,7720,661
30/10/2022,14710,2246
22/06/2020,38756,1936
18/08/2019,16801,1855
20/12/2022,43510,4431
02/06/2022,53574,5228
28/03/2022,52360,5010
08/12/2023,57371,7363
05/06/2023,61510,6477
30/09/2023,25315,3184
04/10/2022,46061,4911
25/02/2023,25794,3791
11/04/2020,4490,323
22/04/2024,54125,5280
22/03/2024,72073,1024
05/10/2019,21980,3253
03/02/2021,63519,3725
28/07/2022,54720,5829
06/04/2020,11810,839
05/07/2019,64088,4919
15/07/2020,30148,1545
01/05/2021,18367,1789
19/04/2022,37502,3360
01/10/2023,19141,2649
02/08/2021,59425,4471
10/11/2021,40709,3414
02/03/2022,51258,4674
06/11/2022,15003,2180
22/07/2023,24116,2818
01/05/2024,74611,9863
26/03/2021,64471,4665
13/09/2022,57393,6894
12/04/2020,3209,371
14/01/2021,36045,2190
08/06/2020,8329,816
04/06/2020,37875,1854
27/08/2019,79588,4844
24/03/2020,24612,1438
05/05/2020,14683,802
03/03/2022,53837,5059
09/04/2020,12505,831
24/02/2024,29337,4155
25/01/2023,48617,4542
14/04/2023,48320,4872
22/01/2021,37718,2656
08/12/2020,53954,3228
14/12/2020,46923,3157
27/05/2021,64980,4295
09/08/2021,60417,4256
16/02/2020,16163,2168
14/09/2020,47237,2549
27/06/2021,12852,1447
16/05/2020,8289,683
09/03/2020,16619,2349
31/01/2022,30941,3263
09/05/2024,71487,9768
22/12/2020,35618,2475
15/04/2020,11884,782
12/06/2023,14193,1990
13/10/2020,52262,2823
06/03/2020,81307,6233
19/09/2019,81695,5807
05/11/2022,20505,3277
14/11/2019,79445,5823
15/05/2023,63689,6584
21/11/2021,10205,1431
21/12/2021,33549,3036
27/08/2021,7069,870
26/06/2023,54643,5804
15/03/2020,14367,1799
29/04/2024,57028,5792
26/11/2019,75354,5610
17/09/2021,8787,1088
11/08/2020,45944,2153
16/01/2020,51305,4791
13/12/2021,40090,3538
10/01/2023,43072,4093
10/12/2023,17788,2471
16/02/2023,70420,6972
11/03/2022,53283,5684
23/12/2022,34649,4063
09/01/2021,14320,1350
29/07/2023,24189,3009
06/08/2023,18087,2058
15/06/2023,63799,7062
29/09/2020,36853,2133
13/07/2021,59478,4083
17/11/2020,53866,3226
07/09/2023,65247,7446
31/01/2021,12772,1477
02/05/2024,73656,9483
13/11/2022,12135,1759
10/09/2020,48481,2444
17/01/2024,45960,4301
06/03/2021,18320,2156
31/08/2021,7177,855
26/10/2022,59846,6726
03/04/2020,12120,852
03/07/2021,15457,1595
08/07/2022,38277,3908
29/01/2020,56448,4828
21/02/2020,84670,7037
21/01/2020,56869,5489
06/01/2023,36018,5296
14/05/2022,17308,2533
26/07/2020,8063,626
17/09/2022,19073,3239
06/05/2022,51825,4984
12/09/2023,67796,7082
11/11/2020,54144,3206
21/04/2021,66468,4179
05/09/2020,14947,1258
03/09/2019,77176,5057
17/05/2021,60668,3867
18/12/2019,61267,5659
18/10/2021,15768,1453
15/10/2023,17705,2126
12/04/2023,48312,4536
23/02/2021,64417,3730
02/03/2021,59420,3546
14/10/2020,52057,2690
19/10/2022,61020,7064
15/08/2022,54442,6082
10/10/2023,70985,7034
17/03/2021,65594,4161
11/03/2024,14535,411
21/04/2020,12221,773
24/12/2019,29179,3598
02/11/2022,58320,6871
24/05/2021,61552,4104
23/01/2021,13540,1619
24/02/2023,69765,7341
15/05/2020,18889,1110
02/01/2024,32795,3887
19/02/2020,86654,6051
01/04/2020,12406,844
12/04/2024,66386,9604
05/11/2021,37073,3300
26/02/2021,63420,4405
14/08/2022,13195,1889
09/08/2020,8149,718
02/02/2021,61094,3699
25/05/2023,53228,5587
12/02/2024,70868,9425
29/11/2023,53348,7224
01/03/2020,18561,2269
21/02/2024,76973,9687
16/04/2022,14853,2278
22/11/2023,66278,2930
04/08/2021,62135,4369
10/01/2024,46802,4652
28/09/2021,8696,1059
08/12/2022,55592,5918
29/12/2019,12771,2016
21/09/2023,68991,7196
06/07/2019,21297,2885
11/07/2019,53325,4436
17/09/2020,49406,2515
09/06/2020,38042,1875
14/01/2022,23315,2530
04/02/2022,45415,4531
13/02/2021,17576,1941
13/12/2019,67693,6206
30/04/2023,12598,1587
06/08/2022,17616,2616
17/07/2022,12965,1964
28/04/2021,66588,4586
18/06/2021,59850,4699
21/12/2020,35569,2358
07/04/2022,50211,4883
25/06/2021,53505,4250
17/03/2022,57130,4905
15/07/2022,38990,4299
15/02/2021,62211,3814
18/10/2022,60505,7199
06/06/2023,63528,6923
11/05/2022,55498,5315
13/07/2020,25833,1351
24/08/2021,6350,719
12/10/2022,60949,7390
22/09/2021,8656,1022
08/09/2022,53843,6577
18/05/2022,55233,4912
19/05/2020,25002,1282
06/05/2020,15350,778
20/03/2023,68197,6940
22/10/2021,21061,2016
10/09/2021,8255,1021
16/07/2020,30117,1580
24/11/2022,58879,6847
27/09/2023,57116,5025
07/07/2023,45778,4038
01/02/2021,46210,2976
10/08/2023,67836,6482
04/02/2021,62984,3616
07/12/2023,61238,8215
01/10/2022,20421,3389
22/10/2020,52962,2850
21/10/2019,77183,5398
27/01/2022,27855,2810
24/03/2022,54827,5292
04/05/2021,59057,4011
28/01/2022,28003,2934
05/12/2021,11395,1303
06/09/2022,56568,6963
02/12/2022,55872,7035
16/04/2021,47000,3374
19/06/2020,41560,2060
05/08/2021,62156,4638
27/06/2020,13520,1098
02/01/2021,12543,1344
17/02/2021,65116,3712
04/02/2023,21058,3047
08/08/2019,70347,4920
22/11/2019,73337,6626
25/08/2022,56678,6476
07/06/2021,60862,4127
01/05/2022,13479,2052
08/07/2023,18023,2136
18/11/2021,42722,3997
05/02/2023,16509,2307
16/10/2022,15577,2521
09/06/2021,60219,3999
01/09/2021,7332,905
22/07/2020,44255,1995
16/02/2021,65299,3847
30/08/2022,56452,6238
29/06/2022,47641,4903
31/07/2022,13136,1572
04/11/2022,56970,7393
22/11/2022,58115,6539
06/11/2020,52866,3465
14/01/2024,15760,2206
09/04/2021,45924,3743
11/11/2023,23922,2822
28/09/2022,44614,4557
16/03/2020,71456,4803
12/08/2021,46609,3312
09/01/2022,9039,1274
30/11/2022,57709,6812
01/04/2022,52184,5363
28/07/2020,45495,2000
21/07/2021,60388,4415
10/04/2023,15215,1930
16/05/2023,67152,6781
22/06/2023,59067,6374
22/04/2021,66525,4226
08/09/2020,48053,2489
07/09/2020,46048,2303
13/06/2021,13988,1828
24/01/2024,50853,4894
25/11/2022,57855,7739
13/04/2024,24348,3633
13/11/2019,78950,5587
01/03/2021,63288,3992
02/11/2021,38808,3451
19/03/2023,16316,1900
12/01/2024,45390,4933
16/08/2021,7788,935
13/05/2020,17775,981
06/02/2023,65567,7137
11/11/2021,41324,3863
28/08/2022,13832,2024
11/09/2020,48103,2678
22/05/2022,12124,1759
17/04/2022,10886,1707
14/03/2023,71573,6278
28/01/2020,55459,4983
26/06/2022,13086,1927
19/07/2021,58280,3948
20/01/2023,45518,4341
14/10/2023,24950,3092
23/09/2022,51540,7001
28/10/2022,52163,6463
29/12/2022,21402,2879
18/07/2021,12139,1409
29/08/2022,50669,6041
20/09/2021,8001,906
04/09/2021,2878,578
20/12/2021,33298,3098
03/07/2020,38819,2164
28/10/2023,24516,3171
06/11/2019,79551,5694
17/12/2020,48653,3120
28/05/2021,62334,4472
23/03/2021,55680,3470
30/06/2021,41778,2764
07/07/2020,30389,1628
26/07/2022,54169,5516
01/04/2021,60232,4342
11/08/2021,62563,4631
03/09/2020,47087,2318
17/01/2020,52689,4982
20/07/2019,22132,3046
17/08/2023,62775,6232
09/12/2020,53017,3049
29/01/2022,12546,1811
22/08/2019,80158,5449
07/12/2022,56758,6335
08/11/2021,37778,3567
23/07/2023,18529,2054
28/03/2024,71926,1173
23/12/2019,38176,4201
20/02/2021,17859,1887
10/01/2020,30400,3109
23/04/2024,57637,5540
02/04/2021,8391,1218
19/02/2024,73121,9292
17/12/2021,41676,4075
03/12/2020,54274,3489
09/01/2024,46598,4495
25/06/2022,17339,2615
02/11/2020,49292,2527
11/08/2023,65282,7158
20/08/2019,81305,5185
30/03/2023,67600,6588
08/10/2023,18055,2245
22/08/2022,53470,6178
06/01/2024,21390,5116
25/09/2023,53331,4667
07/09/2021,7597,946
17/11/2022,59582,6877
17/08/2022,56731,6107
29/01/2024,51542,5248
18/09/2021,3575,589
20/09/2022,59059,7565
15/12/2021,41440,3566
23/01/2022,9977,1339
01/08/2020,13777,1029
18/11/2019,75087,5841
19/08/2020,42414,2002
04/12/2019,73595,5904
12/06/2022,12683,2052
01/02/2022,41543,4029
07/01/2020,42788,4159
04/05/2022,56033,5324
16/08/2019,78215,5374
09/08/2019,70517,5020
13/11/2020,51848,3370
07/07/2022,40097,4056
12/04/2022,42126,3801
25/12/2019,164,1397
16/09/2019,77034,5380
26/01/2024,19050,3173
14/07/2019,14097,1930
19/03/2020,62622,4435
13/12/2020,13438,1302
20/03/2021,16714,1684
13/03/2020,78414,6067
19/01/2020,13933,1936
24/04/2023,53848,5389
28/01/2021,41052,2556
24/08/2020,44903,2219
05/03/2021,62052,4283
17/12/2023,16833,2288
29/10/2022,20927,3107
24/11/2020,54079,3262
08/02/2023,68996,7054
27/09/2019,77786,6619
16/02/2022,49254,4655
19/03/2021,63690,4219
15/12/2019,16053,2021
27/03/2022,12354,1801
10/04/2022,13299,2009
05/03/2024,72519,956
15/04/2022,8379,1693
25/09/2020,42189,2320
11/09/2022,14502,2103
17/04/2021,17916,2211
27/01/2020,13078,1959
16/04/2024,59725,6101
12/02/2021,59010,3995
04/04/2024,70483,887
01/11/2019,76518,5895
25/11/2023,23664,4617
20/03/2024,76782,1346
13/07/2023,49311,4309
24/09/2021,8932,1211
14/04/2024,18001,2844
14/11/2022,55417,6715
28/09/2020,33943,2085
19/01/2023,46083,4622
16/08/2023,70115,6955
10/01/2022,21932,2315
04/05/2020,14842,854
26/07/2023,69067,6811
